{"version":"2.2","name":"Atomic Red Team","description":"Atomic Red Team MITRE ATT&CK Navigator Layer","domain":"mitre-enterprise","gradient":{"colors":["#ce232e","#ce232e"],"minValue":0,"maxValue":100},"legendItems":[{"label":"Has at least one test","color":"#ce232e"}],"techniques":[{"techniqueID":"T1002","score":100,"enabled":true},{"techniqueID":"T1005","score":100,"enabled":true},{"techniqueID":"T1009","score":100,"enabled":true},{"techniqueID":"T1016","score":100,"enabled":true},{"techniqueID":"T1018","score":100,"enabled":true},{"techniqueID":"T1022","score":100,"enabled":true},{"techniqueID":"T1027","score":100,"enabled":true},{"techniqueID":"T1030","score":100,"enabled":true},{"techniqueID":"T1033","score":100,"enabled":true},{"techniqueID":"T1037","score":100,"enabled":true},{"techniqueID":"T1040","score":100,"enabled":true},{"techniqueID":"T1045","score":100,"enabled":true},{"techniqueID":"T1046","score":100,"enabled":true},{"techniqueID":"T1048","score":100,"enabled":true},{"techniqueID":"T1049","score":100,"enabled":true},{"techniqueID":"T1057","score":100,"enabled":true},{"techniqueID":"T1059","score":100,"enabled":true},{"techniqueID":"T1063","score":100,"enabled":true},{"techniqueID":"T1064","score":100,"enabled":true},{"techniqueID":"T1065","score":100,"enabled":true},{"techniqueID":"T1069","score":100,"enabled":true},{"techniqueID":"T1070","score":100,"enabled":true},{"techniqueID":"T1071","score":100,"enabled":true},{"techniqueID":"T1074","score":100,"enabled":true},{"techniqueID":"T1081","score":100,"enabled":true},{"techniqueID":"T1082","score":100,"enabled":true},{"techniqueID":"T1083","score":100,"enabled":true},{"techniqueID":"T1087","score":100,"enabled":true},{"techniqueID":"T1089","score":100,"enabled":true},{"techniqueID":"T1090","score":100,"enabled":true},{"techniqueID":"T1099","score":100,"enabled":true},{"techniqueID":"T1105","score":100,"enabled":true},{"techniqueID":"T1107","score":100,"enabled":true},{"techniqueID":"T1113","score":100,"enabled":true},{"techniqueID":"T1130","score":100,"enabled":true},{"techniqueID":"T1132","score":100,"enabled":true},{"techniqueID":"T1135","score":100,"enabled":true},{"techniqueID":"T1136","score":100,"enabled":true},{"techniqueID":"T1139","score":100,"enabled":true},{"techniqueID":"T1141","score":100,"enabled":true},{"techniqueID":"T1142","score":100,"enabled":true},{"techniqueID":"T1144","score":100,"enabled":true},{"techniqueID":"T1145","score":100,"enabled":true},{"techniqueID":"T1146","score":100,"enabled":true},{"techniqueID":"T1147","score":100,"enabled":true},{"techniqueID":"T1148","score":100,"enabled":true},{"techniqueID":"T1150","score":100,"enabled":true},{"techniqueID":"T1151","score":100,"enabled":true},{"techniqueID":"T1152","score":100,"enabled":true},{"techniqueID":"T1153","score":100,"enabled":true},{"techniqueID":"T1154","score":100,"enabled":true},{"techniqueID":"T1155","score":100,"enabled":true},{"techniqueID":"T1156","score":100,"enabled":true},{"techniqueID":"T1158","score":100,"enabled":true},{"techniqueID":"T1159","score":100,"enabled":true},{"techniqueID":"T1160","score":100,"enabled":true},{"techniqueID":"T1163","score":100,"enabled":true},{"techniqueID":"T1164","score":100,"enabled":true},{"techniqueID":"T1165","score":100,"enabled":true},{"techniqueID":"T1166","score":100,"enabled":true},{"techniqueID":"T1168","score":100,"enabled":true},{"techniqueID":"T1169","score":100,"enabled":true},{"techniqueID":"T1176","score":100,"enabled":true},{"techniqueID":"T1201","score":100,"enabled":true},{"techniqueID":"T1206","score":100,"enabled":true},{"techniqueID":"T1217","score":100,"enabled":true},{"techniqueID":"T1222","score":100,"enabled":true},{"techniqueID":"T1485","score":100,"enabled":true},{"techniqueID":"T1496","score":100,"enabled":true},{"techniqueID":"T1519","score":100,"enabled":true},{"techniqueID":"T1529","score":100,"enabled":true}]}