{"version":"2.2","name":"Atomic Red Team","description":"Atomic Red Team MITRE ATT&CK Navigator Layer","domain":"mitre-enterprise","gradient":{"colors":["#ce232e","#ce232e"],"minValue":0,"maxValue":100},"legendItems":[{"label":"Has at least one test","color":"#ce232e"}],"techniques":[{"techniqueID":"T1002","score":100,"enabled":true},{"techniqueID":"T1003","score":100,"enabled":true},{"techniqueID":"T1004","score":100,"enabled":true},{"techniqueID":"T1007","score":100,"enabled":true},{"techniqueID":"T1010","score":100,"enabled":true},{"techniqueID":"T1012","score":100,"enabled":true},{"techniqueID":"T1014","score":100,"enabled":true},{"techniqueID":"T1015","score":100,"enabled":true},{"techniqueID":"T1016","score":100,"enabled":true},{"techniqueID":"T1018","score":100,"enabled":true},{"techniqueID":"T1022","score":100,"enabled":true},{"techniqueID":"T1023","score":100,"enabled":true},{"techniqueID":"T1027","score":100,"enabled":true},{"techniqueID":"T1028","score":100,"enabled":true},{"techniqueID":"T1031","score":100,"enabled":true},{"techniqueID":"T1032","score":100,"enabled":true},{"techniqueID":"T1033","score":100,"enabled":true},{"techniqueID":"T1035","score":100,"enabled":true},{"techniqueID":"T1036","score":100,"enabled":true},{"techniqueID":"T1037","score":100,"enabled":true},{"techniqueID":"T1038","score":100,"enabled":true},{"techniqueID":"T1040","score":100,"enabled":true},{"techniqueID":"T1042","score":100,"enabled":true},{"techniqueID":"T1044","score":100,"enabled":true},{"techniqueID":"T1047","score":100,"enabled":true},{"techniqueID":"T1048","score":100,"enabled":true},{"techniqueID":"T1049","score":100,"enabled":true},{"techniqueID":"T1050","score":100,"enabled":true},{"techniqueID":"T1053","score":100,"enabled":true},{"techniqueID":"T1055","score":100,"enabled":true},{"techniqueID":"T1056","score":100,"enabled":true},{"techniqueID":"T1057","score":100,"enabled":true},{"techniqueID":"T1058","score":100,"enabled":true},{"techniqueID":"T1060","score":100,"enabled":true},{"techniqueID":"T1062","score":100,"enabled":true},{"techniqueID":"T1063","score":100,"enabled":true},{"techniqueID":"T1064","score":100,"enabled":true},{"techniqueID":"T1065","score":100,"enabled":true},{"techniqueID":"T1069","score":100,"enabled":true},{"techniqueID":"T1070","score":100,"enabled":true},{"techniqueID":"T1071","score":100,"enabled":true},{"techniqueID":"T1073","score":100,"enabled":true},{"techniqueID":"T1074","score":100,"enabled":true},{"techniqueID":"T1075","score":100,"enabled":true},{"techniqueID":"T1076","score":100,"enabled":true},{"techniqueID":"T1077","score":100,"enabled":true},{"techniqueID":"T1081","score":100,"enabled":true},{"techniqueID":"T1082","score":100,"enabled":true},{"techniqueID":"T1083","score":100,"enabled":true},{"techniqueID":"T1084","score":100,"enabled":true},{"techniqueID":"T1085","score":100,"enabled":true},{"techniqueID":"T1086","score":100,"enabled":true},{"techniqueID":"T1087","score":100,"enabled":true},{"techniqueID":"T1088","score":100,"enabled":true},{"techniqueID":"T1089","score":100,"enabled":true},{"techniqueID":"T1090","score":100,"enabled":true},{"techniqueID":"T1093","score":100,"enabled":true},{"techniqueID":"T1095","score":100,"enabled":true},{"techniqueID":"T1096","score":100,"enabled":true},{"techniqueID":"T1097","score":100,"enabled":true},{"techniqueID":"T1098","score":100,"enabled":true},{"techniqueID":"T1099","score":100,"enabled":true},{"techniqueID":"T1100","score":100,"enabled":true},{"techniqueID":"T1101","score":100,"enabled":true},{"techniqueID":"T1102","score":100,"enabled":true},{"techniqueID":"T1103","score":100,"enabled":true},{"techniqueID":"T1105","score":100,"enabled":true},{"techniqueID":"T1106","score":100,"enabled":true},{"techniqueID":"T1107","score":100,"enabled":true},{"techniqueID":"T1110","score":100,"enabled":true},{"techniqueID":"T1112","score":100,"enabled":true},{"techniqueID":"T1114","score":100,"enabled":true},{"techniqueID":"T1115","score":100,"enabled":true},{"techniqueID":"T1117","score":100,"enabled":true},{"techniqueID":"T1118","score":100,"enabled":true},{"techniqueID":"T1119","score":100,"enabled":true},{"techniqueID":"T1121","score":100,"enabled":true},{"techniqueID":"T1122","score":100,"enabled":true},{"techniqueID":"T1123","score":100,"enabled":true},{"techniqueID":"T1124","score":100,"enabled":true},{"techniqueID":"T1126","score":100,"enabled":true},{"techniqueID":"T1127","score":100,"enabled":true},{"techniqueID":"T1128","score":100,"enabled":true},{"techniqueID":"T1130","score":100,"enabled":true},{"techniqueID":"T1135","score":100,"enabled":true},{"techniqueID":"T1136","score":100,"enabled":true},{"techniqueID":"T1137","score":100,"enabled":true},{"techniqueID":"T1138","score":100,"enabled":true},{"techniqueID":"T1140","score":100,"enabled":true},{"techniqueID":"T1141","score":100,"enabled":true},{"techniqueID":"T1143","score":100,"enabled":true},{"techniqueID":"T1145","score":100,"enabled":true},{"techniqueID":"T1158","score":100,"enabled":true},{"techniqueID":"T1170","score":100,"enabled":true},{"techniqueID":"T1173","score":100,"enabled":true},{"techniqueID":"T1174","score":100,"enabled":true},{"techniqueID":"T1176","score":100,"enabled":true},{"techniqueID":"T1179","score":100,"enabled":true},{"techniqueID":"T1180","score":100,"enabled":true},{"techniqueID":"T1183","score":100,"enabled":true},{"techniqueID":"T1191","score":100,"enabled":true},{"techniqueID":"T1193","score":100,"enabled":true},{"techniqueID":"T1196","score":100,"enabled":true},{"techniqueID":"T1197","score":100,"enabled":true},{"techniqueID":"T1201","score":100,"enabled":true},{"techniqueID":"T1202","score":100,"enabled":true},{"techniqueID":"T1204","score":100,"enabled":true},{"techniqueID":"T1207","score":100,"enabled":true},{"techniqueID":"T1208","score":100,"enabled":true},{"techniqueID":"T1214","score":100,"enabled":true},{"techniqueID":"T1216","score":100,"enabled":true},{"techniqueID":"T1217","score":100,"enabled":true},{"techniqueID":"T1218","score":100,"enabled":true},{"techniqueID":"T1219","score":100,"enabled":true},{"techniqueID":"T1220","score":100,"enabled":true},{"techniqueID":"T1222","score":100,"enabled":true},{"techniqueID":"T1223","score":100,"enabled":true},{"techniqueID":"T1482","score":100,"enabled":true},{"techniqueID":"T1485","score":100,"enabled":true},{"techniqueID":"T1489","score":100,"enabled":true},{"techniqueID":"T1490","score":100,"enabled":true},{"techniqueID":"T1500","score":100,"enabled":true},{"techniqueID":"T1502","score":100,"enabled":true},{"techniqueID":"T1504","score":100,"enabled":true},{"techniqueID":"T1505","score":100,"enabled":true},{"techniqueID":"T1518","score":100,"enabled":true},{"techniqueID":"T1529","score":100,"enabled":true},{"techniqueID":"T1531","score":100,"enabled":true}]}