Tactic,Technique #,Technique Name,Test #,Test Name,Test GUID,Executor Name
persistence,T1156,.bash_profile and .bashrc,1,Add command to .bash_profile,94500ae1-7e31-47e3-886b-c328da46872f,sh
persistence,T1156,.bash_profile and .bashrc,2,Add command to .bashrc,0a898315-4cfa-4007-bafe-33a4646d115f,sh
persistence,T1176,Browser Extensions,1,Chrome (Developer Mode),3ecd790d-2617-4abf-9a8c-4e8d47da9ee1,manual
persistence,T1176,Browser Extensions,2,Chrome (Chrome Web Store),4c83940d-8ca5-4bb2-8100-f46dc914bc3f,manual
persistence,T1176,Browser Extensions,3,Firefox,cb790029-17e6-4c43-b96f-002ce5f10938,manual
persistence,T1136,Create Account,1,Create a user account on a Linux system,40d8eabd-e394-46f6-8785-b9bfa1d011d2,bash
persistence,T1136,Create Account,5,Create a new user in Linux with `root` UID and GID.,a1040a30-d28b-4eda-bd99-bb2861a4616c,bash
persistence,T1158,Hidden Files and Directories,1,Create a hidden file in a hidden directory,61a782e5-9a19-40b5-8ba4-69a4b9f3d7be,sh
persistence,T1215,Kernel Modules and Extensions,1,Linux - Load Kernel Module via insmod,687dcb93-9656-4853-9c36-9977315e9d23,bash
persistence,T1168,Local Job Scheduling,1,Cron - Replace crontab with referenced file,435057fb-74b1-410e-9403-d81baf194f75,bash
persistence,T1168,Local Job Scheduling,2,Cron - Add script to cron folder,b7d42afa-9086-4c8a-b7b0-8ea3faa6ebb0,bash
persistence,T1168,Local Job Scheduling,3,Event Monitor Daemon Persistence,11979f23-9b9d-482a-9935-6fc9cd022c3e,manual
persistence,T1166,Setuid and Setgid,1,Make and modify binary from C source,896dfe97-ae43-4101-8e96-9a7996555d80,sh
persistence,T1166,Setuid and Setgid,2,Set a SetUID flag on file,759055b3-3885-4582-a8ec-c00c9d64dd79,sh
persistence,T1166,Setuid and Setgid,3,Set a SetGID flag on file,db55f666-7cba-46c6-9fe6-205a05c3242c,sh
persistence,T1501,Systemd Service,1,Create Systemd Service,d9e4f24f-aa67-4c6e-bcbf-85622b697a7c,bash
persistence,T1154,Trap,1,Trap,a74b2e07-5952-4c03-8b56-56274b076b61,sh
impact,T1485,Data Destruction,2,macOS/Linux - Overwrite file with DD,38deee99-fd65-4031-bec8-bfa4f9f26146,bash
impact,T1496,Resource Hijacking,1,macOS/Linux - Simulate CPU Load with Yes,904a5a0e-fb02-490d-9f8d-0e256eb37549,bash
impact,T1529,System Shutdown/Reboot,3,Restart System via `shutdown` - macOS/Linux,6326dbc4-444b-4c04-88f4-27e94d0327cb,bash
impact,T1529,System Shutdown/Reboot,4,Shutdown System via `shutdown` - macOS/Linux,4963a81e-a3ad-4f02-adda-812343b351de,bash
impact,T1529,System Shutdown/Reboot,5,Restart System via `reboot` - macOS/Linux,47d0b042-a918-40ab-8cf9-150ffe919027,bash
impact,T1529,System Shutdown/Reboot,6,Shutdown System via `halt` - Linux,918f70ab-e1ef-49ff-bc57-b27021df84dd,bash
impact,T1529,System Shutdown/Reboot,7,Reboot System via `halt` - Linux,78f92e14-f1e9-4446-b3e9-f1b921f2459e,bash
impact,T1529,System Shutdown/Reboot,8,Shutdown System via `poweroff` - Linux,73a90cd2-48a2-4ac5-8594-2af35fa909fa,bash
impact,T1529,System Shutdown/Reboot,9,Reboot System via `poweroff` - Linux,61303105-ff60-427b-999e-efb90b314e41,bash
discovery,T1087,Account Discovery,1,Enumerate all accounts,f8aab3dd-5990-4bf8-b8ab-2226c951696f,sh
discovery,T1087,Account Discovery,2,View sudoers access,fed9be70-0186-4bde-9f8a-20945f9370c2,sh
discovery,T1087,Account Discovery,3,View accounts with UID 0,c955a599-3653-4fe5-b631-f11c00eb0397,sh
discovery,T1087,Account Discovery,4,List opened files by user,7e46c7a5-0142-45be-a858-1a3ecb4fd3cb,sh
discovery,T1087,Account Discovery,5,Show if a user account has ever logged in remotely,0f0b6a29-08c3-44ad-a30b-47fd996b2110,sh
discovery,T1087,Account Discovery,6,Enumerate users and groups,e6f36545-dc1e-47f0-9f48-7f730f54a02e,sh
discovery,T1217,Browser Bookmark Discovery,1,List Mozilla Firefox Bookmark Database Files on Linux,3a41f169-a5ab-407f-9269-abafdb5da6c2,sh
discovery,T1083,File and Directory Discovery,3,Nix File and Diectory Discovery,ffc8b249-372a-4b74-adcd-e4c0430842de,sh
discovery,T1083,File and Directory Discovery,4,Nix File and Directory Discovery 2,13c5e1ae-605b-46c4-a79f-db28c77ff24e,sh
discovery,T1046,Network Service Scanning,1,Port Scan,68e907da-2539-48f6-9fc9-257a78c05540,sh
discovery,T1046,Network Service Scanning,2,Port Scan Nmap,515942b0-a09f-4163-a7bb-22fefb6f185f,sh
discovery,T1135,Network Share Discovery,1,Network Share Discovery,f94b5ad9-911c-4eff-9718-fd21899db4f7,sh
discovery,T1040,Network Sniffing,1,Packet Capture Linux,7fe741f7-b265-4951-a7c7-320889083b3e,bash
discovery,T1201,Password Policy Discovery,1,Examine password complexity policy - Ubuntu,085fe567-ac84-47c7-ac4c-2688ce28265b,bash
discovery,T1201,Password Policy Discovery,2,Examine password complexity policy - CentOS/RHEL 7.x,78a12e65-efff-4617-bc01-88f17d71315d,bash
discovery,T1201,Password Policy Discovery,3,Examine password complexity policy - CentOS/RHEL 6.x,6ce12552-0adb-4f56-89ff-95ce268f6358,bash
discovery,T1201,Password Policy Discovery,4,Examine password expiration policy - All Linux,7c86c55c-70fa-4a05-83c9-3aa19b145d1a,bash
discovery,T1069,Permission Groups Discovery,1,Permission Groups Discovery,952931a4-af0b-4335-bbbe-73c8c5b327ae,sh
discovery,T1057,Process Discovery,1,Process Discovery - ps,4ff64f0b-aaf2-4866-b39d-38d9791407cc,sh
discovery,T1018,Remote System Discovery,6,Remote System Discovery - arp nix,acb6b1ff-e2ad-4d64-806c-6c35fe73b951,sh
discovery,T1018,Remote System Discovery,7,Remote System Discovery - sweep,96db2632-8417-4dbb-b8bb-a8b92ba391de,sh
discovery,T1082,System Information Discovery,3,List OS Information,cccb070c-df86-4216-a5bc-9fb60c74e27c,sh
discovery,T1082,System Information Discovery,4,Linux VM Check via Hardware,31dad7ad-2286-4c02-ae92-274418c85fec,bash
discovery,T1082,System Information Discovery,5,Linux VM Check via Kernel Modules,8057d484-0fae-49a4-8302-4812c4f1e64e,bash
discovery,T1082,System Information Discovery,7,Hostname Discovery,486e88ea-4f56-470f-9b57-3f4d73f39133,bash
discovery,T1016,System Network Configuration Discovery,3,System Network Configuration Discovery,c141bbdb-7fca-4254-9fd6-f47e79447e17,sh
discovery,T1049,System Network Connections Discovery,3,System Network Connections Discovery Linux & MacOS,9ae28d3f-190f-4fa0-b023-c7bd3e0eabf2,sh
discovery,T1033,System Owner/User Discovery,2,System Owner/User Discovery,2a9b677d-a230-44f4-ad86-782df1ef108c,sh
credential-access,T1139,Bash History,1,Search Through Bash History,3cfde62b-7c33-4b26-a61e-755d6131c8ce,sh
credential-access,T1081,Credentials in Files,2,Extract passwords with grep,bd4cf0d1-7646-474e-8610-78ccf5a097c4,sh
credential-access,T1040,Network Sniffing,1,Packet Capture Linux,7fe741f7-b265-4951-a7c7-320889083b3e,bash
credential-access,T1145,Private Keys,2,Discover Private SSH Keys,46959285-906d-40fa-9437-5a439accd878,sh
credential-access,T1145,Private Keys,3,Copy Private SSH Keys with CP,7c247dc7-5128-4643-907b-73a76d9135c3,sh
credential-access,T1145,Private Keys,4,Copy Private SSH Keys with rsync,864bb0b2-6bb5-489a-b43b-a77b3a16d68a,sh
defense-evasion,T1009,Binary Padding,1,Pad Binary to Change Hash - Linux/macOS dd,ffe2346c-abd5-4b45-a713-bf5f1ebd573a,sh
defense-evasion,T1146,Clear Command History,1,Clear Bash history (rm),a934276e-2be5-4a36-93fd-98adbb5bd4fc,sh
defense-evasion,T1146,Clear Command History,2,Clear Bash history (echo),cbf506a5-dd78-43e5-be7e-a46b7c7a0a11,sh
defense-evasion,T1146,Clear Command History,3,Clear Bash history (cat dev/null),b1251c35-dcd3-4ea1-86da-36d27b54f31f,sh
defense-evasion,T1146,Clear Command History,4,Clear Bash history (ln dev/null),23d348f3-cc5c-4ba9-bd0a-ae09069f0914,sh
defense-evasion,T1146,Clear Command History,5,Clear Bash history (truncate),47966a1d-df4f-4078-af65-db6d9aa20739,sh
defense-evasion,T1146,Clear Command History,6,Clear history of a bunch of shells,7e6721df-5f08-4370-9255-f06d8a77af4c,sh
defense-evasion,T1090,Connection Proxy,1,Connection Proxy,0ac21132-4485-4212-a681-349e8a6637cd,sh
defense-evasion,T1089,Disabling Security Tools,1,Disable iptables firewall,80f5e701-f7a4-4d06-b140-26c8efd1b6b4,sh
defense-evasion,T1089,Disabling Security Tools,2,Disable syslog,4ce786f8-e601-44b5-bfae-9ebb15a7d1c8,sh
defense-evasion,T1089,Disabling Security Tools,3,Disable Cb Response,ae8943f7-0f8d-44de-962d-fbc2e2f03eb8,sh
defense-evasion,T1089,Disabling Security Tools,4,Disable SELinux,fc225f36-9279-4c39-b3f9-5141ab74f8d8,sh
defense-evasion,T1089,Disabling Security Tools,5,Stop Crowdstrike Falcon on Linux,828a1278-81cc-4802-96ab-188bf29ca77d,sh
defense-evasion,T1107,File Deletion,1,Delete a single file - Linux/macOS,562d737f-2fc6-4b09-8c2a-7f8ff0828480,sh
defense-evasion,T1107,File Deletion,2,Delete an entire folder - Linux/macOS,a415f17e-ce8d-4ce2-a8b4-83b674e7017e,sh
defense-evasion,T1107,File Deletion,3,Overwrite and delete a file with shred,039b4b10-2900-404b-b67f-4b6d49aa6499,sh
defense-evasion,T1107,File Deletion,8,Delete Filesystem - Linux,f3aa95fe-4f10-4485-ad26-abf22a764c52,bash
defense-evasion,T1222,File and Directory Permissions Modification,4,chmod - Change file or folder mode (numeric mode),34ca1464-de9d-40c6-8c77-690adf36a135,bash
defense-evasion,T1222,File and Directory Permissions Modification,5,chmod - Change file or folder mode (symbolic mode),fc9d6695-d022-4a80-91b1-381f5c35aff3,bash
defense-evasion,T1222,File and Directory Permissions Modification,6,chmod - Change file or folder mode (numeric mode) recursively,ea79f937-4a4d-4348-ace6-9916aec453a4,bash
defense-evasion,T1222,File and Directory Permissions Modification,7,chmod - Change file or folder mode (symbolic mode) recursively,0451125c-b5f6-488f-993b-5a32b09f7d8f,bash
defense-evasion,T1222,File and Directory Permissions Modification,8,chown - Change file or folder ownership and group,d169e71b-85f9-44ec-8343-27093ff3dfc0,bash
defense-evasion,T1222,File and Directory Permissions Modification,9,chown - Change file or folder ownership and group recursively,b78598be-ff39-448f-a463-adbf2a5b7848,bash
defense-evasion,T1222,File and Directory Permissions Modification,10,chown - Change file or folder mode ownership only,967ba79d-f184-4e0e-8d09-6362b3162e99,bash
defense-evasion,T1222,File and Directory Permissions Modification,11,chown - Change file or folder ownership recursively,3b015515-b3d8-44e9-b8cd-6fa84faf30b2,bash
defense-evasion,T1222,File and Directory Permissions Modification,12,chattr - Remove immutable file attribute,e7469fe2-ad41-4382-8965-99b94dd3c13f,sh
defense-evasion,T1148,HISTCONTROL,1,Disable history collection,4eafdb45-0f79-4d66-aa86-a3e2c08791f5,sh
defense-evasion,T1148,HISTCONTROL,2,Mac HISTCONTROL,468566d5-83e5-40c1-b338-511e1659628d,manual
defense-evasion,T1158,Hidden Files and Directories,1,Create a hidden file in a hidden directory,61a782e5-9a19-40b5-8ba4-69a4b9f3d7be,sh
defense-evasion,T1070,Indicator Removal on Host,3,rm -rf,989cc1b1-3642-4260-a809-54f9dd559683,sh
defense-evasion,T1070,Indicator Removal on Host,4,Overwrite Linux Mail Spool,1602ff76-ed7f-4c94-b550-2f727b4782d4,bash
defense-evasion,T1070,Indicator Removal on Host,5,Overwrite Linux Log,d304b2dc-90b4-4465-a650-16ddd503f7b5,bash
defense-evasion,T1130,Install Root Certificate,1,Install root CA on CentOS/RHEL,9c096ec4-fd42-419d-a762-d64cc950627e,sh
defense-evasion,T1130,Install Root Certificate,2,Install root CA on Debian/Ubuntu,53bcf8a0-1549-4b85-b919-010c56d724ff,sh
defense-evasion,T1036,Masquerading,2,Masquerading as Linux crond process.,a315bfff-7a98-403b-b442-2ea1b255e556,sh
defense-evasion,T1027,Obfuscated Files or Information,1,Decode base64 Data into Script,f45df6be-2e1e-4136-a384-8f18ab3826fb,sh
defense-evasion,T1055,Process Injection,2,Shared Library Injection via /etc/ld.so.preload,39cb0e67-dd0d-4b74-a74b-c072db7ae991,bash
defense-evasion,T1055,Process Injection,3,Shared Library Injection via LD_PRELOAD,bc219ff7-789f-4d51-9142-ecae3397deae,bash
defense-evasion,T1014,Rootkit,1,Loadable Kernel Module based Rootkit,dfb50072-e45a-4c75-a17e-a484809c8553,sh
defense-evasion,T1014,Rootkit,2,Loadable Kernel Module based Rootkit,75483ef8-f10f-444a-bf02-62eb0e48db6f,sh
defense-evasion,T1064,Scripting,1,Create and Execute Bash Shell Script,7e7ac3ed-f795-4fa5-b711-09d6fbe9b873,sh
defense-evasion,T1099,Timestomp,1,Set a file's access timestamp,5f9113d5-ed75-47ed-ba23-ea3573d05810,sh
defense-evasion,T1099,Timestomp,2,Set a file's modification timestamp,20ef1523-8758-4898-b5a2-d026cc3d2c52,sh
defense-evasion,T1099,Timestomp,3,Set a file's creation timestamp,8164a4a6-f99c-4661-ac4f-80f5e4e78d2b,sh
defense-evasion,T1099,Timestomp,4,Modify file timestamps using reference file,631ea661-d661-44b0-abdb-7a7f3fc08e50,sh
lateral-movement,T1105,Remote File Copy,1,rsync remote file copy (push),0fc6e977-cb12-44f6-b263-2824ba917409,bash
lateral-movement,T1105,Remote File Copy,2,rsync remote file copy (pull),3180f7d5-52c0-4493-9ea0-e3431a84773f,bash
lateral-movement,T1105,Remote File Copy,3,scp remote file copy (push),83a49600-222b-4866-80a0-37736ad29344,bash
lateral-movement,T1105,Remote File Copy,4,scp remote file copy (pull),b9d22b9a-9778-4426-abf0-568ea64e9c33,bash
lateral-movement,T1105,Remote File Copy,5,sftp remote file copy (push),f564c297-7978-4aa9-b37a-d90477feea4e,bash
lateral-movement,T1105,Remote File Copy,6,sftp remote file copy (pull),0139dba1-f391-405e-a4f5-f3989f2c88ef,bash
collection,T1074,Data Staged,2,Stage data from Discovery.sh,39ce0303-ae16-4b9e-bb5b-4f53e8262066,bash
collection,T1113,Screen Capture,3,X Windows Capture,8206dd0c-faf6-4d74-ba13-7fbe13dce6ac,bash
collection,T1113,Screen Capture,4,Import,9cd1cccb-91e4-4550-9139-e20a586fcea1,bash
exfiltration,T1002,Data Compressed,3,Data Compressed - nix - zip,c51cec55-28dd-4ad2-9461-1eacbc82c3a0,sh
exfiltration,T1002,Data Compressed,4,Data Compressed - nix - gzip Single File,cde3c2af-3485-49eb-9c1f-0ed60e9cc0af,sh
exfiltration,T1002,Data Compressed,5,Data Compressed - nix - tar Folder or File,7af2b51e-ad1c-498c-aca8-d3290c19535a,sh
exfiltration,T1022,Data Encrypted,1,Data Encrypted with zip and gpg symmetric,0286eb44-e7ce-41a0-b109-3da516e05a5f,sh
exfiltration,T1030,Data Transfer Size Limits,1,Data Transfer Size Limits,ab936c51-10f4-46ce-9144-e02137b2016a,sh
exfiltration,T1048,Exfiltration Over Alternative Protocol,1,Exfiltration Over Alternative Protocol - SSH,f6786cc8-beda-4915-a4d6-ac2f193bb988,sh
exfiltration,T1048,Exfiltration Over Alternative Protocol,2,Exfiltration Over Alternative Protocol - SSH,7c3cb337-35ae-4d06-bf03-3032ed2ec268,sh
exfiltration,T1048,Exfiltration Over Alternative Protocol,3,Exfiltration Over Alternative Protocol - HTTP,1d1abbd6-a3d3-4b2e-bef5-c59293f46eff,manual
exfiltration,T1048,Exfiltration Over Alternative Protocol,5,Exfiltration Over Alternative Protocol - DNS,c403b5a4-b5fc-49f2-b181-d1c80d27db45,manual
execution,T1059,Command-Line Interface,1,Command-Line Interface,d0c88567-803d-4dca-99b4-7ce65e7b257c,sh
execution,T1168,Local Job Scheduling,1,Cron - Replace crontab with referenced file,435057fb-74b1-410e-9403-d81baf194f75,bash
execution,T1168,Local Job Scheduling,2,Cron - Add script to cron folder,b7d42afa-9086-4c8a-b7b0-8ea3faa6ebb0,bash
execution,T1168,Local Job Scheduling,3,Event Monitor Daemon Persistence,11979f23-9b9d-482a-9935-6fc9cd022c3e,manual
execution,T1064,Scripting,1,Create and Execute Bash Shell Script,7e7ac3ed-f795-4fa5-b711-09d6fbe9b873,sh
execution,T1153,Source,1,Execute Script using Source,52b61a5a-513f-42f5-987a-d5646eed5533,sh
execution,T1153,Source,2,Execute Script using Source Alias,c94c9742-2c70-4634-a101-7a22ec1884b3,sh
execution,T1154,Trap,1,Trap,a74b2e07-5952-4c03-8b56-56274b076b61,sh
command-and-control,T1090,Connection Proxy,1,Connection Proxy,0ac21132-4485-4212-a681-349e8a6637cd,sh
command-and-control,T1132,Data Encoding,1,Base64 Encoded data.,1164f70f-9a88-4dff-b9ff-dc70e7bf0c25,sh
command-and-control,T1105,Remote File Copy,1,rsync remote file copy (push),0fc6e977-cb12-44f6-b263-2824ba917409,bash
command-and-control,T1105,Remote File Copy,2,rsync remote file copy (pull),3180f7d5-52c0-4493-9ea0-e3431a84773f,bash
command-and-control,T1105,Remote File Copy,3,scp remote file copy (push),83a49600-222b-4866-80a0-37736ad29344,bash
command-and-control,T1105,Remote File Copy,4,scp remote file copy (pull),b9d22b9a-9778-4426-abf0-568ea64e9c33,bash
command-and-control,T1105,Remote File Copy,5,sftp remote file copy (push),f564c297-7978-4aa9-b37a-d90477feea4e,bash
command-and-control,T1105,Remote File Copy,6,sftp remote file copy (pull),0139dba1-f391-405e-a4f5-f3989f2c88ef,bash
command-and-control,T1071,Standard Application Layer Protocol,3,Malicious User Agents - Nix,2d7c471a-e887-4b78-b0dc-b0df1f2e0658,sh
command-and-control,T1065,Uncommonly Used Port,2,Testing usage of uncommonly used port,5db21e1d-dd9c-4a50-b885-b1e748912767,sh
privilege-escalation,T1055,Process Injection,2,Shared Library Injection via /etc/ld.so.preload,39cb0e67-dd0d-4b74-a74b-c072db7ae991,bash
privilege-escalation,T1055,Process Injection,3,Shared Library Injection via LD_PRELOAD,bc219ff7-789f-4d51-9142-ecae3397deae,bash
privilege-escalation,T1166,Setuid and Setgid,1,Make and modify binary from C source,896dfe97-ae43-4101-8e96-9a7996555d80,sh
privilege-escalation,T1166,Setuid and Setgid,2,Set a SetUID flag on file,759055b3-3885-4582-a8ec-c00c9d64dd79,sh
privilege-escalation,T1166,Setuid and Setgid,3,Set a SetGID flag on file,db55f666-7cba-46c6-9fe6-205a05c3242c,sh
privilege-escalation,T1169,Sudo,1,Sudo usage,150c3a08-ee6e-48a6-aeaf-3659d24ceb4e,sh
privilege-escalation,T1206,Sudo Caching,1,Unlimited sudo cache timeout,a7b17659-dd5e-46f7-b7d1-e6792c91d0bc,sh
privilege-escalation,T1206,Sudo Caching,2,Disable tty_tickets for sudo caching,91a60b03-fb75-4d24-a42e-2eb8956e8de1,sh
